PicID,PicURL,Description
1,assets/images/faces/face1.PNG,face
2,assets/images/faces/face2.JPG,face
3,assets/images/faces/face3.JPG,face
4,assets/images/faces/face4.JPG,face
5,assets/images/faces/face5.JPG,face
6,assets/images/faces/face6.JPG,face
7,assets/images/faces/face7.JPG,face
8,assets/images/faces/face8.JPG,face
9,assets/images/faces/face9.JPG,face
10,assets/images/faces/face10.JPG,face
11,assets/images/faces/face11.JPG,face
12,assets/images/faces/face12.JPG,face
13,assets/images/faces/face13.JPG,face
14,assets/images/faces/face14.JPG,face
15,assets/images/faces/face15.JPG,face
16,assets/images/faces/nonf1.JPG,no face
17,assets/images/faces/nonf2.JPG,no face
18,assets/images/faces/nonf3.JPG,no face
19,assets/images/faces/nonf4.JPG,no face
20,assets/images/faces/nonf5.JPG,no face
21,assets/images/faces/nonf6.JPG,no face
22,assets/images/faces/nonf7.JPG,no face
23,assets/images/faces/nonf8.JPG,no face
24,assets/images/faces/nonf9.JPG,no face
25,assets/images/faces/nonf10.JPG,no face
26,assets/images/faces/nonf11.JPG,no face
27,assets/images/faces/nonf12.JPG,no face
28,assets/images/faces/nonf13.JPG,no face
29,assets/images/faces/nonf14.JPG,no face
30,assets/images/faces/nonf15.JPG,no face
31,assets/images/faces/nonf16.JPG,no face
